{"dnn_accuracy": 0.9487179487179487, "dnn_auc": 0.9862068965517241, "cm": [[9, 1], [1, 28]], "roc": {"fpr": [0.0, 0.0, 0.0, 0.4, 0.4, 1.0], "tpr": [0.0, 0.034482758620689655, 0.9655172413793104, 0.9655172413793104, 1.0, 1.0]}, "feature_names": ["MDVP:Fo(Hz)", "MDVP:Fhi(Hz)", "MDVP:Flo(Hz)", "MDVP:Jitter(%)", "MDVP:Jitter(Abs)", "MDVP:RAP", "MDVP:PPQ", "Jitter:DDP", "MDVP:Shimmer", "MDVP:Shimmer(dB)", "Shimmer:APQ3", "Shimmer:APQ5", "MDVP:APQ", "Shimmer:DDA", "NHR", "HNR", "RPDE", "DFA", "spread1", "spread2", "D2", "PPE"], "ml_comparison": {"LR": 0.9230769230769231, "SVM": 0.9230769230769231, "RF": 0.9230769230769231, "DNN": 0.9487179487179487}, "n_samples": 195, "n_features": 22, "parkinsons_count": 147, "healthy_count": 48}